{
  "Search for a book by name" : {
    "transaction" : "Search for a book by name",
    "sampleCount" : 40,
    "errorCount" : 0,
    "errorPct" : 0.0,
    "meanResTime" : 243.00000000000003,
    "medianResTime" : 219.0,
    "minResTime" : 213.0,
    "maxResTime" : 521.0,
    "pct1ResTime" : 245.89999999999998,
    "pct2ResTime" : 516.0,
    "pct3ResTime" : 521.0,
    "throughput" : 0.6791632708503125,
    "receivedKBytesPerSec" : 0.5160049069546319,
    "sentKBytesPerSec" : 0.22417693901113828
  },
  "Go to book's details" : {
    "transaction" : "Go to book's details",
    "sampleCount" : 40,
    "errorCount" : 0,
    "errorPct" : 0.0,
    "meanResTime" : 233.675,
    "medianResTime" : 217.0,
    "minResTime" : 208.0,
    "maxResTime" : 517.0,
    "pct1ResTime" : 240.1,
    "pct2ResTime" : 500.39999999999884,
    "pct3ResTime" : 517.0,
    "throughput" : 0.6797287882135028,
    "receivedKBytesPerSec" : 0.5436502710418543,
    "sentKBytesPerSec" : 0.19781169813244515
  },
  "Go to basket" : {
    "transaction" : "Go to basket",
    "sampleCount" : 40,
    "errorCount" : 0,
    "errorPct" : 0.0,
    "meanResTime" : 241.64999999999998,
    "medianResTime" : 217.0,
    "minResTime" : 208.0,
    "maxResTime" : 523.0,
    "pct1ResTime" : 247.5,
    "pct2ResTime" : 517.85,
    "pct3ResTime" : 523.0,
    "throughput" : 0.6765098855007019,
    "receivedKBytesPerSec" : 0.3190959713836318,
    "sentKBytesPerSec" : 0.18101924670624248
  },
  "Go to main page" : {
    "transaction" : "Go to main page",
    "sampleCount" : 40,
    "errorCount" : 0,
    "errorPct" : 0.0,
    "meanResTime" : 234.05,
    "medianResTime" : 218.5,
    "minResTime" : 209.0,
    "maxResTime" : 517.0,
    "pct1ResTime" : 224.0,
    "pct2ResTime" : 503.64999999999895,
    "pct3ResTime" : 517.0,
    "throughput" : 0.6785181164337087,
    "receivedKBytesPerSec" : 2.637954527624169,
    "sentKBytesPerSec" : 0.17917119012077623
  },
  "Total" : {
    "transaction" : "Total",
    "sampleCount" : 239,
    "errorCount" : 0,
    "errorPct" : 0.0,
    "meanResTime" : 248.44769874476995,
    "medianResTime" : 219.0,
    "minResTime" : 208.0,
    "maxResTime" : 543.0,
    "pct1ResTime" : 248.0,
    "pct2ResTime" : 519.0,
    "pct3ResTime" : 529.6,
    "throughput" : 3.974457045930755,
    "receivedKBytesPerSec" : 4.368222817998137,
    "sentKBytesPerSec" : 1.1997132186034523
  },
  "Add the book to basket" : {
    "transaction" : "Add the book to basket",
    "sampleCount" : 40,
    "errorCount" : 0,
    "errorPct" : 0.0,
    "meanResTime" : 238.14999999999998,
    "medianResTime" : 222.0,
    "minResTime" : 213.0,
    "maxResTime" : 525.0,
    "pct1ResTime" : 242.0,
    "pct2ResTime" : 505.2999999999988,
    "pct3ResTime" : 525.0,
    "throughput" : 0.6798096532970768,
    "receivedKBytesPerSec" : 0.21907928280081576,
    "sentKBytesPerSec" : 0.22173478925900747
  },
  "Submit order" : {
    "transaction" : "Submit order",
    "sampleCount" : 39,
    "errorCount" : 0,
    "errorPct" : 0.0,
    "meanResTime" : 301.48717948717945,
    "medianResTime" : 225.0,
    "minResTime" : 214.0,
    "maxResTime" : 543.0,
    "pct1ResTime" : 523.0,
    "pct2ResTime" : 530.0,
    "pct3ResTime" : 543.0,
    "throughput" : 0.6781665159629964,
    "receivedKBytesPerSec" : 0.22649701997982888,
    "sentKBytesPerSec" : 0.22583474799158376
  }
}