{
  "Go to book's details" : {
    "transaction" : "Go to book's details",
    "sampleCount" : 189,
    "errorCount" : 0,
    "errorPct" : 0.0,
    "meanResTime" : 524.0899470899474,
    "medianResTime" : 522.0,
    "minResTime" : 208.0,
    "maxResTime" : 1557.0,
    "pct1ResTime" : 539.0,
    "pct2ResTime" : 545.5,
    "pct3ResTime" : 1544.3999999999999,
    "throughput" : 3.152101400933956,
    "receivedKBytesPerSec" : 2.236565913734156,
    "sentKBytesPerSec" : 0.9149002981154103
  },
  "Go to basket" : {
    "transaction" : "Go to basket",
    "sampleCount" : 60,
    "errorCount" : 0,
    "errorPct" : 0.0,
    "meanResTime" : 514.166666666667,
    "medianResTime" : 523.5,
    "minResTime" : 211.0,
    "maxResTime" : 1515.0,
    "pct1ResTime" : 547.0,
    "pct2ResTime" : 568.3,
    "pct3ResTime" : 1515.0,
    "throughput" : 1.0764262648008611,
    "receivedKBytesPerSec" : 0.5072378453534266,
    "sentKBytesPerSec" : 0.28718716361679225
  },
  "Go to main page" : {
    "transaction" : "Go to main page",
    "sampleCount" : 191,
    "errorCount" : 0,
    "errorPct" : 0.0,
    "meanResTime" : 523.5497382198955,
    "medianResTime" : 523.0,
    "minResTime" : 210.0,
    "maxResTime" : 1526.0,
    "pct1ResTime" : 539.0,
    "pct2ResTime" : 546.4,
    "pct3ResTime" : 1518.6399999999999,
    "throughput" : 3.1762925515108176,
    "receivedKBytesPerSec" : 12.34792174222141,
    "sentKBytesPerSec" : 0.8360211687010459
  },
  "Total" : {
    "transaction" : "Total",
    "sampleCount" : 561,
    "errorCount" : 0,
    "errorPct" : 0.0,
    "meanResTime" : 529.0000000000001,
    "medianResTime" : 524.0,
    "minResTime" : 208.0,
    "maxResTime" : 1561.0,
    "pct1ResTime" : 544.0,
    "pct2ResTime" : 555.0,
    "pct3ResTime" : 1524.38,
    "throughput" : 9.309812642094956,
    "receivedKBytesPerSec" : 15.674542003061783,
    "sentKBytesPerSec" : 2.6704873701438787
  },
  "Add the book to basket" : {
    "transaction" : "Add the book to basket",
    "sampleCount" : 61,
    "errorCount" : 0,
    "errorPct" : 0.0,
    "meanResTime" : 536.7540983606558,
    "medianResTime" : 526.0,
    "minResTime" : 218.0,
    "maxResTime" : 1517.0,
    "pct1ResTime" : 552.0,
    "pct2ResTime" : 557.9,
    "pct3ResTime" : 1517.0,
    "throughput" : 1.0502031540527512,
    "receivedKBytesPerSec" : 0.3378559231027477,
    "sentKBytesPerSec" : 0.34173971102196815
  },
  "Submit order" : {
    "transaction" : "Submit order",
    "sampleCount" : 60,
    "errorCount" : 0,
    "errorPct" : 0.0,
    "meanResTime" : 568.7666666666667,
    "medianResTime" : 533.5,
    "minResTime" : 212.0,
    "maxResTime" : 1561.0,
    "pct1ResTime" : 564.0,
    "pct2ResTime" : 1468.499999999996,
    "pct3ResTime" : 1561.0,
    "throughput" : 1.0763683332436358,
    "receivedKBytesPerSec" : 0.3590171916204725,
    "sentKBytesPerSec" : 0.35759815133738765
  }
}